小区名称,地址,均价(元/平),在售套数,建成年代,开发商,物业公司,物业费,容积率,绿化率,车位比,总户数,建筑类型,经度,纬度,POI数
天元江山壹品,滨河西路,8774.0,29,2000,单位自建,业主自管,0.9,2.5,30.0,,,"[""高层""]",108.057976,34.240441,10
熙樾台,常青路,8496.0,7,,暂无,暂无,,,,,,"[""高层""]",108.0862122,34.264507,26
熙樾臺,树木园北侧地块,8200.0,0,2023,杨凌示范区农科房地产开发有限公司,杨凌新时代商业运营管理有限公司,1.5,1.96,41.0,,,,108.086657,34.264745,26
沁园春天,邰城路,8178.0,44,,暂无,暂无,,,,,,"[""多层""]",108.07808,34.246278,23
杨凌明丰云庐,咸阳市杨凌区水韵天伦东侧,7500.0,0,,暂无,暂无,,,,,,"[""高层""]",108.068867,34.240089,13
天元壹号院,洪璋路5号,7319.0,8,,暂无,暂无,,,,,,"[""小高层""]",108.052816,34.26418,19
沁园春苑,有邰路,7312.0,5,,暂无,暂无,,,,,,"[""高层"", ""高层""]",108.067834,34.253248,18
明丰·雲庐,滨河路水运广场向西150米（医科学校对面）,7000.0,0,2025,杨凌明海丰置业有限责任公司,暂无,,1.8,36.0,,,,108.06785380630751,34.24075726655329,13
杨凌绿地世界城二期江南悦,自贸大街,6978.0,25,,暂无,暂无,,,,,2358,"[""高层""]",108.0644293,34.2458216,14
天元邰城印,渭惠路,6944.0,3,,暂无,暂无,,,,,,"[""高层""]",108.076428,34.267977,26
沁园春居,"城南路,近水运东路",6694.0,31,2007,单位自建,业主自管,0.9,2.25,36.0,,3201,"[""高层""]",108.081934,34.246173,23
华星公园里,滨河东路,6631.0,40,2018,单位自建,业主自管,0.9,2.5,20.0,,1512,"[""高层""]",108.079515,34.241573,14
碧水华庭,滨河路,6583.0,11,,暂无,暂无,,,,,,"[""高层""]",108.0563213,34.2397492,9
泰和府,"新桥路,近五胡路",6562.0,39,,暂无,暂无,,2.5,,,2186,"[""高层""]",108.096342,34.254734,22
杨凌绿地世界城三期江南忆,自贸大街,6496.0,16,,暂无,暂无,,,,,,"[""高层""]",108.067508,34.246762,15
万丽花园,新桥路,6346.0,11,2023,单位自建,业主自管,0.9,3.0,35.2,,1723,"[""高层""]",108.09738,34.267342,23
天元棠樾湖居,滨河东路,6300.0,14,2013,单位自建,陕西天元物业管理有限公司,0.9,1.79,30.0,,1346,"[""小高层"", ""高层""]",108.077149,34.242642,15
竹园,"神果路,近常青路",6129.0,4,2001,单位自建,业主自管,0.8,2.0,30.0,2300(1:9.3),246,"[""多层"", ""小高层"", ""高层""]",108.092268,34.259831,24
沁园春苑(新房),有邰路沁园春苑,6000.0,0,2026,杨凌广通房地产开发有限公司,杨凌广通物业服务有限公司,,,0.0,,,,108.06788626935699,34.25330010079557,18
杨凌绿地世界城,杨凌大道,5978.0,12,,暂无,暂无,,,,,,"[""高层""]",108.047447,34.265078,15
绿地城际空间站,"杨凌大道,近有邰路",5949.0,28,2021,单位自建,业主自管,0.9,2.5,30.0,,2940,"[""高层""]",108.054167,34.2511229,13
田园新都市,五胡路,5839.0,32,2003,单位自建,业主自管,0.9,2.5,30.0,,,"[""高层""]",108.09137,34.255067,23
万丽花园(新房),渭惠路与新桥路交汇处万达城市综合体,5700.0,0,2023,杨凌丽彩实业有限公司,陕西丽苑怡和物业管理有限公司,1.2,3.06,35.0,,,,108.09758378819416,34.26734262094505,22
杨凌·水木清华,示范区五胡路东段（恒大小学对面）,5680.0,0,2024,杨凌恒通置业有限公司,宝鸡五湖星诚物业服务有限公司,1.5,1.99,39.0,,,,108.10512966014964,34.253397941494256,13
公安局住宅区,公园路,5600.0,0,,暂无,暂无,,,,,,"[""多层""]",108.0827771,34.273847,25
杨凌水木清华,五湖路,5600.0,0,,暂无,暂无,,,,,238,"[""高层""]",108.104379,34.252529,14
高力·田园新都市,五胡路北侧接稼园西侧,5600.0,0,2020,陕西高力房地产开发有限公司,暂无,,2.5,30.0,,,,108.091404,34.255709,23
恒大城,邰城路,5579.0,75,2014,陕西耀泽四海房地产开发有限公司,金碧物业有限公司咸阳分公司,1.0,3.3,38.0,3500(1:0.7),4950,"[""高层""]",108.077664,34.249649,23
田园居,安居路,5547.0,10,2011,单位自建,业主自管,0.5,1.2,30.0,150(1:0.1),1383,"[""多层""]",108.090407,34.260551,24
建设大厦,神农路,5500.0,0,,暂无,暂无,,,,,,"[""高层""]",108.088142,34.259768,24
杨陶综合楼,渭惠路,5500.0,0,,暂无,暂无,,,,,,"[""多层""]",108.063235,34.267774,24
博学家苑,博学路,5335.0,16,1995,单位自建,业主自管,0.8,1.2,20.0,160(1:0.1),2941,"[""多层""]",108.062009,34.265864,23
秦琪佳苑小区,滨河路,5213.0,19,2016,单位自建,业主自管,0.9,2.5,30.0,,598,"[""高层""]",108.065674,34.24154,13
人才公寓,博学路,5207.0,16,2013,单位自建,业主自管,1.0,2.5,30.0,,2827,"[""高层""]",108.061022,34.2613,20
建行家属院(杨陵),"祥和路,近康乐路",5100.0,0,1998,单位自建,业主自管,0.5,1.2,20.0,,24,"[""多层""]",108.085949,34.271659,25
艾迪尔城,康乐路,5090.0,2,2009,单位自建,业主自管,1.0,2.5,30.0,150(1:0.2),760,"[""高层""]",108.066474,34.271573,26
杨陵路政执法大队家属院,渭惠路19号,5050.0,0,,暂无,暂无,,,,,,"[""多层""]",108.08976,34.266674,26
嘉园华庭(新房),神农路与安居路交汇处,5000.0,0,2024,陕西瑞嘉置业有限公司,暂无,,,35.0,,,,108.09274923385853,34.25851024761835,24
瑞航农城公馆,五胡路,4927.0,10,,暂无,暂无,,,,,702,"[""高层""]",108.09778,34.253355,21
水韵天伦居,滨河西路3号,4914.0,9,2000,单位自建,业主自管,0.9,2.0,30.0,,1412,"[""多层"", ""小高层""]",108.068872,34.240092,13
秋园,安居路,4900.0,0,2002,单位自建,业主自管,0.8,2.0,30.0,889(1:3.5),252,"[""多层"", ""小高层"", ""高层""]",108.090736,34.263895,24
江南印象,揉谷产业路,4850.0,2,2002,单位自建,业主自管,0.8,2.5,30.0,150(1:0.2),977,"[""高层""]",108.063873,34.273218,25
千林世纪城,"五胡路,近连霍高速",4814.0,6,2014,单位自建,业主自管,0.5,2.0,30.0,1200(1:2.3),524,"[""小高层"", ""高层""]",108.103859,34.253787,14
锦逸国际城,"五湖路,近水运东路",4806.0,5,2015,陕西天顺堂实业有限公司,暂无资料,0.5,3.86,39.14,1600(1:1600.0),1,"[""高层""]",108.080467,34.25532,23
雅典名城,"五胡路,近新桥路",4805.0,15,2011,单位自建,业主自管,0.5,2.0,30.0,220(1:0.1),1559,"[""多层"", ""小高层"", ""高层""]",108.0898,34.253703,23
神农景苑小区(C区),"五胡路,近新桥路",4766.0,25,2003,单位自建,业主自管,0.5,2.0,30.0,230(1:0.1),1712,"[""多层"", ""小高层"", ""高层""]",108.102124,34.254704,16
水保家园,西农路26号,4750.0,0,2005,单位自建,业主自管,0.6,1.2,30.0,56(1:0.1),448,"[""多层""]",108.076367,34.274523,25
神农景苑,五胡路,4687.0,2,2011,单位自建,业主自管,0.5,1.5,30.0,100(1:0.1),1308,"[""小高层""]",108.102754,34.255656,16
渭惠家园,五胡路,4650.0,0,,暂无,暂无,,,,,,"[""高层""]",108.079723,34.255039,23
臻品郦景,东新路,4650.0,0,,暂无,暂无,,,,,,"[""高层""]",108.103113,34.261828,16
凤起上院,凤凰路,4600.0,0,,暂无,暂无,,,,,,"[""高层""]",108.084979,34.282589,24
农大雅苑,康乐路,4600.0,0,2014,单位自建,业主自管,0.6,2.5,30.0,350(1:0.7),484,"[""高层""]",108.071578,34.272437,26
农科院中院住宅区,渭惠路,4550.0,0,,暂无,暂无,,,,,,"[""多层""]",108.066724,34.266734,25
杨凌凤起上院,凤凰路与后稷路往东300米,4500.0,0,2022,陕西鑫森房地产开发有限公司,陕西君生物业服务有限公司,1.3,2.47,45.0,,,,108.0851147239986,34.28282651961996,24
华阳·尚和府,凤凰路西段路南22号,4500.0,0,2025,陕西杨凌华阳房地产开发有限公司,暂无,,2.5,36.0,,,,108.08268238078,34.28293151617951,24
春园,科教街1号,4497.0,6,2002,单位自建,业主自管,0.9,2.0,30.0,880(1:2.6),336,"[""多层"", ""高层""]",108.089087,34.264215,25
秋园小区,科教街,4450.0,0,2010,单位自建,业主自管,0.9,2.0,30.0,,252,"[""多层"", ""高层""]",108.090379,34.264039,24
渭水佳苑,高干渠路,4400.0,3,2002,单位自建,业主自管,0.8,1.2,30.0,200(1:0.4),504,"[""多层""]",108.081769,34.278761,26
芳园,"安居路,近神农路",4390.0,4,2002,单位自建,业主自管,0.9,2.0,30.0,550(1:2.4),228,"[""多层"", ""小高层"", ""高层""]",108.092468,34.260901,24
千林华庭,康乐路,4307.0,11,2012,单位自建,业主自管,1.0,2.0,30.0,350(1:0.3),1260,"[""多层"", ""小高层"", ""高层""]",108.094269,34.272835,25
田丰东方明珠,渭惠东路16号,4300.0,0,2012,陕西田丰实业发展有限公司,业主自管,0.8,2.5,30.0,350(1:0.9),408,"[""高层""]",108.092063,34.266148,25
润华锦绣城,常青路与高干渠路十字东北方向,4300.0,0,2022,咸阳毅立房地产开发有限公司杨凌分公司,暂无,,,,,,,108.088471,34.278965,26
春园小区,科教街,4281.0,3,2000,单位自建,业主自管,0.5,1.2,30.0,,348,"[""多层""]",108.089479,34.2641,25
鑫苑阳光尚都,常乐路,4226.0,3,2004,陕西鑫苑置业有限公司,业主自管,0.9,2.56,30.0,1500(1:1.3),1124,"[""多层"", ""小高层"", ""高层""]",108.063738,34.269355,25
馨园小区,常乐西路1号,4150.0,5,2000,单位自建,业主自管,0.5,1.2,30.0,58(1:0.2),240,"[""多层""]",108.06816,34.271467,26
杨陵区公园路74号楼,公园路74号,4100.0,0,,暂无,暂无,,,,,,,108.084971,34.273788,26
农大馨苑,产业路,4100.0,0,2013,单位自建,业主自管,0.8,2.0,30.0,56(1:0.1),440,"[""多层"", ""高层""]",108.068405,34.270916,26
御景国际,渭惠路9号,4082.0,8,2012,陕西荣鑫盛置业有限公司,业主自管,0.9,2.5,30.0,1500(1:1.3),1155,"[""高层""]",108.094581,34.266179,23
锦绣豪庭,团结路,4000.0,6,2012,单位自建,业主自管,0.8,2.5,30.0,120(1:0.1),1114,"[""高层""]",108.066016,34.273115,26
德馨园,兴杨路,4000.0,9,2006,单位自建,业主自管,0.8,1.2,30.0,85(1:0.1),1577,"[""多层""]",108.063871,34.275011,24
金雅都,神农路,4000.0,2,1992,单位自建,业主自管,,2.0,20.0,150(1:0.2),977,"[""多层"", ""小高层""]",108.079585,34.261624,26
康乐华府,康乐路,4000.0,2,2016,单位自建,业主自管,0.0,2.5,30.0,350(1:0.6),592,"[""高层""]",108.06913659761628,34.27286493252334,26
公园馨居,公园路,4000.0,0,2001,单位自建,业主自管,0.9,2.5,30.0,,48,"[""高层""]",108.082015,34.27439,25
神农小区,神农路8号,3933.0,9,2011,单位自建,业主自管,0.8,2.0,30.0,150(1:0.2),873,"[""多层"", ""小高层""]",108.100807,34.258404,19
锦绣花城南区(杨凌),水运东路,3900.0,0,2016,单位自建,业主自管,0.5,2.5,30.0,230(1:0.2),960,"[""高层""]",108.08165,34.249471,22
中央悦城,常青路,3900.0,0,2012,单位自建,业主自管,0.8,2.5,30.0,98(1:0.4),276,"[""高层""]",108.088866,34.279698,25
锦绣花城北区(杨凌),水运东路,3850.0,0,2011,单位自建,业主自管,0.6,2.5,30.0,250(1:0.7),384,"[""高层""]",108.081687,34.251171,22
博睿天居,"神农路,近未知路",3833.0,2,2015,单位自建,业主自管,0.8,2.0,30.0,450(1:1.0),438,"[""多层"", ""高层""]",108.083937,34.261249,24
农大嘉苑,康乐路,3800.0,1,2004,单位自建,业主自管,0.5,1.2,30.0,35(1:0.5),70,"[""多层""]",108.070906,34.271622,26
华秦小区(杨凌),公园路,3800.0,0,2012,单位自建,业主自管,0.5,1.2,30.0,,50,"[""多层""]",108.082111,34.274979,25
松园,科教街1号,3800.0,0,2012,单位自建,业主自管,0.5,1.2,30.0,,96,"[""多层""]",108.088447,34.263471,25
化建家园,渭惠路21号,3750.0,1,2010,陕西延长化建房地产开发有限公司,陕西化建物业管理有限公司,0.85,3.5,36.0,306(1:0.3),1008,"[""高层""]",108.086079,34.268082,25
揉谷中心社区,杨青路,3750.0,0,2004,单位自建,业主自管,,1.2,30.0,,1704,"[""多层""]",108.024299,34.26627,11
石头河景园,"邰城路,近五胡路",3750.0,0,2001,单位自建,业主自管,0.6,1.2,30.0,150(1:1.6),96,"[""多层""]",108.075477,34.258061,24
嘉园华庭,神农路,3750.0,0,2015,单位自建,业主自管,0.9,2.5,30.0,,,"[""高层""]",108.092195,34.258882,24
金辉小区,公园路,3708.0,11,2012,单位自建,业主自管,0.7,1.2,30.0,86(1:0.2),560,"[""多层""]",108.080901,34.273289,25
文教家属院,公园路,3700.0,0,2010,单位自建,业主自管,0.5,1.2,30.0,,60,"[""多层""]",108.081595,34.275486,25
桃源公寓,五胡路,3662.0,0,1999,单位自建,业主自管,0.5,1.2,20.0,85(1:0.5),169,"[""多层""]",108.081213,34.256072,24
天惠小区,渭惠路43号,3650.0,0,2002,单位自建,业主自管,0.5,1.2,30.0,35(1:0.2),217,"[""多层""]",108.068299,34.267896,26
东苑北区,常青路,3650.0,0,1999,单位自建,业主自管,0.5,1.2,20.0,220(1:0.8),282,"[""多层""]",108.087506,34.257796,24
鼎盛花园,常青路,3583.0,2,2010,单位自建,业主自管,0.5,1.2,30.0,220(1:0.4),588,"[""多层""]",108.087739,34.279709,25
永丰嘉苑,五胡路,3575.0,12,2013,单位自建,业主自管,0.45,1.5,30.0,120(1:0.1),1655,"[""小高层""]",108.084548,34.257074,24
水利所小区,渭惠路16号,3550.0,0,,暂无,暂无,,,,,,"[""多层""]",108.083548,34.267743,26
博睿天居南苑,常青路,3550.0,0,2013,单位自建,业主自管,0.5,1.2,30.0,880(1:6.5),136,"[""多层""]",108.086232,34.258958,25
华宇书香名邸一期,高干渠路,3533.0,5,2015,单位自建,业主自管,0.8,2.0,30.0,200(1:0.3),791,"[""多层"", ""小高层"", ""高层""]",108.090209,34.276238,26
世纪华府,渭惠路18号,3500.0,0,1998,单位自建,业主自管,0.9,2.5,20.0,,168,"[""高层""]",108.081357,34.268668,25
化建小区,西农路,3450.0,0,1986,单位自建,业主自管,0.8,1.2,20.0,38(1:0.1),396,"[""多层""]",108.073245,34.2785,26
大寨中心社区,杨泉路,3450.0,0,2005,单位自建,业主自管,0.8,2.5,30.0,120(1:0.1),2056,"[""高层""]",108.064878,34.27687,24
农大景苑,康乐西路,3450.0,0,2005,单位自建,业主自管,0.5,1.2,30.0,56(1:0.2),250,"[""多层""]",108.072345,34.271576,26
光泰小区,神农路,3450.0,0,,暂无,暂无,,,,,,"[""小高层""]",108.096139,34.259411,24
隆发城市广场,康乐路,3400.0,0,,暂无,暂无,,,,,,"[""高层""]",108.073657,34.272308,26
家和园(杨陵),凤凰路,3360.0,2,2000,单位自建,业主自管,0.5,1.2,30.0,89(1:0.1),636,"[""多层""]",108.081225,34.282515,24
西农北校区新农村小区,杨泉路,3350.0,0,2002,单位自建,业主自管,0.5,1.2,30.0,46(1:0.1),360,"[""多层""]",108.076266,34.277868,25
华宇书香名邸二期,长青路,3329.0,2,1998,单位自建,业主自管,0.8,1.2,20.0,56(1:0.2),289,"[""多层""]",108.090412,34.275177,25
百货公司小区,后稷路,3300.0,0,,暂无,暂无,,,,,48,"[""多层""]",108.080031,34.271046,25
亿辉公寓,常乐路,3300.0,0,2017,单位自建,业主自管,0.5,1.2,30.0,,96,"[""多层""]",108.080953,34.270915,26
梁氏窑社区,常乐路,3300.0,0,2018,单位自建,业主自管,0.5,1.2,30.0,38(1:0.3),120,"[""多层""]",108.062105,34.269488,24
永安家园,水厂路,3250.0,0,1999,单位自建,业主自管,0.9,2.5,20.0,,1728,"[""高层""]",108.067282,34.250411,16
祥和家园(杨陵),常乐东路62号,3250.0,0,1995,单位自建,业主自管,0.5,1.2,20.0,,48,"[""多层""]",108.086414,34.270775,25
杨村中心社区,东环北路,3250.0,0,,暂无,暂无,,,,,,"[""高层""]",108.106344,34.276329,12
万安小区,"神农路,近常青路",3249.0,7,2000,单位自建,业主自管,0.8,1.2,30.0,120(1:0.3),396,"[""多层""]",108.088002,34.258759,24
大寨家园,杨泉路,3200.0,3,1993,单位自建,业主自管,1.0,2.0,20.0,1500(1:0.7),2056,"[""多层"", ""高层""]",108.064868,34.277019,24
邰城新村,五湖路,3200.0,0,1995,单位自建,业主自管,0.5,1.2,20.0,38(1:0.1),336,"[""多层""]",108.081023,34.25712,24
景苑家园,五胡路,3200.0,0,2014,单位自建,业主自管,0.8,2.5,30.0,350(1:0.3),1015,"[""高层""]",108.100041,34.255401,21
凤凰山庄(二期),凤凰路1号,3075.0,3,2008,单位自建,业主自管,0.5,1.2,30.0,,574,"[""多层""]",108.089508,34.282111,24
邰东社区,东新路,3050.0,1,2006,单位自建,业主自管,0.5,2.5,30.0,56(1:0.0),1248,"[""高层""]",108.104408,34.256683,14
松园小区,科教街,3050.0,0,2004,单位自建,业主自管,0.8,2.0,30.0,450(1:4.9),92,"[""多层"", ""高层""]",108.088581,34.263641,25
怡园小区(杨凌),柳林路,3000.0,0,2020,咸阳恒远置业有限公司,业主自管,0.8,1.2,30.0,78(1:1.1),72,"[""多层""]",108.067752,34.272442,26
省饲料厂家属楼(杨凌),公园路,3000.0,0,2014,单位自建,业主自管,0.5,1.2,30.0,1(1:0.0),50,"[""多层""]",108.08173,34.275523,25
银鑫雅景阁,康乐路70号,3000.0,0,2003,单位自建,业主自管,0.9,2.5,30.0,,72,"[""高层""]",108.081608,34.27143,25
东苑南区,五湖路,2950.0,0,1997,单位自建,业主自管,0.5,1.2,20.0,89(1:0.1),644,"[""多层""]",108.087799,34.256633,24
邰北小区2期,孟杨路,2900.0,2,2004,单位自建,业主自管,0.5,2.5,30.0,56(1:0.0),1632,"[""高层""]",108.108667,34.263776,12
公园路计委家属楼,公园路,2900.0,0,,暂无,暂无,,,,,,"[""多层""]",108.084112,34.273382,25
邰苑公寓,神农路,2900.0,0,2011,单位自建,业主自管,0.5,1.2,30.0,,81,"[""多层""]",108.091405,34.258367,24
林苑小区(杨陵),邰城路,2900.0,0,2004,单位自建,业主自管,0.8,2.5,30.0,789(1:1.4),568,"[""高层""]",108.077106,34.261959,26
法禧家园,有邰路,2850.0,1,1994,单位自建,业主自管,0.9,2.5,20.0,,1296,"[""高层""]",108.058572,34.25114,13
邰北小区1期,神农路,2800.0,0,2001,单位自建,业主自管,0.5,2.5,30.0,56(1:0.0),1392,"[""高层""]",108.108748,34.260573,13
信用社家属院,康乐路18号,2750.0,0,1998,单位自建,业主自管,0.5,1.2,20.0,,30,"[""多层""]",108.083188,34.272422,25
植物所住宅区(杨凌),康乐路,2750.0,0,2013,单位自建,业主自管,0.5,1.2,30.0,76(1:0.4),214,"[""多层""]",108.075322,34.272887,24
曦鹏盛世,公园路,2700.0,3,2012,单位自建,业主自管,0.8,2.0,30.0,25(1:0.1),248,"[""多层"", ""高层""]",108.087498,34.273211,26
家美园,邰城路,2700.0,3,2004,单位自建,业主自管,0.5,1.2,30.0,550(1:4.6),120,"[""多层""]",108.076094,34.259,25
常乐园小区,农科路,2700.0,0,,暂无,暂无,,,,,,"[""多层""]",108.059795,34.271389,23
邰城家园(南区),神农路,2700.0,0,2000,单位自建,业主自管,0.9,1.2,30.0,800(1:0.4),2064,"[""多层""]",108.108748,34.256804,13
温馨家园(杨凌),五胡路,2650.0,2,1993,单位自建,业主自管,1.0,1.2,20.0,450(1:0.2),2144,"[""多层""]",108.07889,34.257723,24
稷园小区,高干渠路,2650.0,1,2000,单位自建,业主自管,0.8,2.5,30.0,120(1:0.5),252,"[""高层""]",108.080721,34.278368,26
稷园东区,高干渠路5号,2600.0,0,2002,单位自建,业主自管,0.5,1.2,30.0,56(1:0.6),96,"[""多层""]",108.082582,34.277713,26
森林公安局第二分局家属院,有邰路7号,2600.0,1,,暂无,暂无,,,,,,"[""多层""]",108.072931,34.253054,21
金枫阁,高干渠路,2600.0,0,2011,单位自建,业主自管,0.9,2.0,30.0,,36,"[""多层"", ""高层""]",108.08255338,34.27806614,26
圣龙小区,农科路,2500.0,1,2001,单位自建,业主自管,0.8,2.5,30.0,56(1:0.1),508,"[""高层""]",108.060909,34.270668,23
海得信住宅区,后稷路47号,2500.0,0,1994,单位自建,业主自管,0.5,1.2,20.0,,156,"[""多层""]",108.079335,34.270895,25
金鑫小区,康乐路,2450.0,0,1999,单位自建,业主自管,0.5,1.2,20.0,26(1:0.1),176,"[""多层""]",108.082505,34.272377,25
乡园小区,长青路,2400.0,4,2000,单位自建,业主自管,0.7,1.2,30.0,85(1:0.1),708,"[""多层""]",108.088012,34.274661,26
台西社区五星家园,博学路,2300.0,0,2015,单位自建,业主自管,0.7,1.2,30.0,350(1:0.2),1459,"[""多层""]",108.061047,34.263856,22
后稷小区,"高干渠路,近后稷路",2300.0,1,2007,单位自建,业主自管,0.5,1.2,30.0,,360,"[""多层""]",108.083483,34.276752,26
银鑫住宅小区,常乐路,2200.0,1,2012,单位自建,业主自管,0.9,2.5,30.0,,96,"[""高层""]",108.083531,34.270996,25
凤凰山庄(一期),凤凰路1号,2150.0,0,2015,单位自建,业主自管,0.6,2.0,30.0,200(1:0.5),402,"[""多层"", ""小高层"", ""高层""]",108.08983,34.282939,24
家乐园,高干渠路3号,2100.0,1,1990,单位自建,业主自管,0.8,2.5,20.0,885(1:0.8),1140,"[""高层""]",108.084014,34.276532,26
五泉小区,清心路,1650.0,0,,暂无,暂无,,,,,,"[""多层""]",108.001622,34.302001,8
农科博学嘉苑三期,示范区博学路与渭惠路交汇处,,0,2021,杨凌示范区农科房地产开发有限公司,杨凌示范区农科物业管理有限公司,0.95,3.44,36.0,,,,108.06711,34.265779,25
